Code,Description,Pack,rrp,GrpSupplier,GrpSupplierCode,Manufacturer,ManufacturerCode,ISPCCombined,VATCode,Brand,ExtendedCharacterDesc,CatalogueCopy,Image Ref,MSQ,Category1,Category2,Category3,Style
A080WHRL,Microdot Glove White LR,1,1.04,PORTWEST,A080WHRL,PORTWEST,A080WHRL,74295,1,PORTWEST,Microdot Glove White LR,<li>An all purpose highly dexterous 100% Terry cotton glove with three stitched detail on the back giving a more secure fit. PVC dots to the palm area and fingers provide a superior grip</li><li>Knitting gauge 18</li><li>High dexterity</li><li>PVC dotted,https://images.catalyst-cloud.com/portwest/A080WHR.jpg,,Gloves,Grip Performance,,A080
A080WHRM,Microdot Glove White MR,1,1.04,PORTWEST,A080WHRM,PORTWEST,A080WHRM,74295,1,PORTWEST,Microdot Glove White MR,<li>An all purpose highly dexterous 100% Terry cotton glove with three stitched detail on the back giving a more secure fit. PVC dots to the palm area and fingers provide a superior grip</li><li>Knitting gauge 18</li><li>High dexterity</li><li>PVC dotted,https://images.catalyst-cloud.com/portwest/A080WHR.jpg,,Gloves,Grip Performance,,A080
A080WHRXL,Microdot Glove White XLR,1,1.04,PORTWEST,A080WHRXL,PORTWEST,A080WHRXL,74295,1,PORTWEST,Microdot Glove White XLR,<li>An all purpose highly dexterous 100% Terry cotton glove with three stitched detail on the back giving a more secure fit. PVC dots to the palm area and fingers provide a superior grip</li><li>Knitting gauge 18</li><li>High dexterity</li><li>PVC dotted,https://images.catalyst-cloud.com/portwest/A080WHR.jpg,,Gloves,Grip Performance,,A080
A195K8RL,Touchscreen - PU Black L,1,1.30,PORTWEST,A195K8RL,PORTWEST,A195K8RL,74295,1,PORTWEST,Touchscreen - PU Black L,"Designed specifically for touchscreen devices. Perfect for intricate tasks. Ideal for use in electronics assembly, testing and precision work. 100% breathable seamless liner.",https://images.catalyst-cloud.com/portwest/A195K8R.jpg,,Gloves,Grip Performance,,A195
A195K8RM,Touchscreen - PU Black M,1,1.30,PORTWEST,A195K8RM,PORTWEST,A195K8RM,74295,1,PORTWEST,Touchscreen - PU Black M,"Designed specifically for touchscreen devices. Perfect for intricate tasks. Ideal for use in electronics assembly, testing and precision work. 100% breathable seamless liner.",https://images.catalyst-cloud.com/portwest/A195K8R.jpg,,Gloves,Grip Performance,,A195
A195K8RS,Touchscreen - PU Black S,1,1.30,PORTWEST,A195K8RS,PORTWEST,A195K8RS,74295,1,PORTWEST,Touchscreen - PU Black S,"Designed specifically for touchscreen devices. Perfect for intricate tasks. Ideal for use in electronics assembly, testing and precision work. 100% breathable seamless liner.",https://images.catalyst-cloud.com/portwest/A195K8R.jpg,,Gloves,Grip Performance,,A195
A195K8RXL,Touchscreen - PU Black XL,1,1.30,PORTWEST,A195K8RXL,PORTWEST,A195K8RXL,74295,1,PORTWEST,Touchscreen - PU Black XL,"Designed specifically for touchscreen devices. Perfect for intricate tasks. Ideal for use in electronics assembly, testing and precision work. 100% breathable seamless liner.",https://images.catalyst-cloud.com/portwest/A195K8R.jpg,,Gloves,Grip Performance,,A195
A195K8RXS,Touchscreen - PU Black XS,1,1.30,PORTWEST,A195K8RXS,PORTWEST,A195K8RXS,74295,1,PORTWEST,Touchscreen - PU Black XS,"Designed specifically for touchscreen devices. Perfect for intricate tasks. Ideal for use in electronics assembly, testing and precision work. 100% breathable seamless liner.",https://images.catalyst-cloud.com/portwest/A195K8R.jpg,,Gloves,Grip Performance,,A195
A195K8RXXL,Touchscreen - PU Black XXL,1,1.30,PORTWEST,A195K8RXXL,PORTWEST,A195K8RXXL,74295,1,PORTWEST,Touchscreen - PU Black XXL,"Designed specifically for touchscreen devices. Perfect for intricate tasks. Ideal for use in electronics assembly, testing and precision work. 100% breathable seamless liner.",https://images.catalyst-cloud.com/portwest/A195K8R.jpg,,Gloves,Grip Performance,,A195
A350BKRXS,DermiFlex Glove Black XS,1,2.42,PORTWEST,A350BKRXS,PORTWEST,A350BKRXS,74295,1,PORTWEST,DermiFlex Glove Black XS,"Super light 15g nylon and elastane liner dipped with soft nitrile foamfor the ultimate in comfort, dexterity and sensitivity. Protects against oil in warm, humid conditions.",https://images.catalyst-cloud.com/portwest/A350BKR.jpg,,Gloves,General Handling Gloves,,A350
A350BKRXXXL,DermiFlex Glove Black XXXL,1,2.42,PORTWEST,A350BKRXXXL,PORTWEST,A350BKRXXXL,74295,1,PORTWEST,DermiFlex Glove Black XXXL,"Super light 15g nylon and elastane liner dipped with soft nitrile foamfor the ultimate in comfort, dexterity and sensitivity. Protects against oil in warm, humid conditions.",https://images.catalyst-cloud.com/portwest/A350BKR.jpg,,Gloves,General Handling Gloves,,A350
ID10YER,ID Holder Yellow,1,5.20,PORTWEST,ID10YER,PORTWEST,ID10YER,74990,1,PORTWEST,ID Holder Yellow,<li>In Case of Emergency (ICE) stickers for accident victims gives on-site instant access to victims potential lifesaving information and enables emergency contacts be quickly notified of the situation 24/7.</li><li>Retail tag</li><li>Vending ready</li><l,https://images.catalyst-cloud.com/portwest/ID10YER.jpg,,PPE,Accessories,Other,ID10
PS89ORR,Ultra Light Bump Cap Orange,1,6.40,PORTWEST,PS89ORR,PORTWEST,PS89ORR,74243,1,PORTWEST,Ultra Light Bump Cap Orange,Industrial Safety Bump Cap with an ultra light plastic shell. It includes 4 points moulded harness with a sweatband and adjustable buckle size (50-60cm). Perforated side shell for extra airflow. Easy to clean and ultra light-weight for prolonged comfort w,https://images.catalyst-cloud.com/portwest/PS89ORR.jpg,,PPE,Head Protection,Bump Caps,PS89
PS89RBR,Ultra Light Bump Cap Royal Blue,1,6.40,PORTWEST,PS89RBR,PORTWEST,PS89RBR,74243,1,PORTWEST,Ultra Light Bump Cap Royal Blue,Industrial Safety Bump Cap with an ultra light plastic shell. It includes 4 points moulded harness with a sweatband and adjustable buckle size (50-60cm). Perforated side shell for extra airflow. Easy to clean and ultra light-weight for prolonged comfort w,https://images.catalyst-cloud.com/portwest/PS89RBR.jpg,,PPE,Head Protection,Bump Caps,PS89
PS89WHR,Ultra Light Bump Cap White,1,6.40,PORTWEST,PS89WHR,PORTWEST,PS89WHR,74243,1,PORTWEST,Ultra Light Bump Cap White,Industrial Safety Bump Cap with an ultra light plastic shell. It includes 4 points moulded harness with a sweatband and adjustable buckle size (50-60cm). Perforated side shell for extra airflow. Easy to clean and ultra light-weight for prolonged comfort w,https://images.catalyst-cloud.com/portwest/PS89WHR.jpg,,PPE,Head Protection,Bump Caps,PS89
PS89YER,Ultra Light Bump Cap Yellow,1,6.40,PORTWEST,PS89YER,PORTWEST,PS89YER,74243,1,PORTWEST,Ultra Light Bump Cap Yellow,Industrial Safety Bump Cap with an ultra light plastic shell. It includes 4 points moulded harness with a sweatband and adjustable buckle size (50-60cm). Perforated side shell for extra airflow. Easy to clean and ultra light-weight for prolonged comfort w,https://images.catalyst-cloud.com/portwest/PS89YER.jpg,,PPE,Head Protection,Bump Caps,PS89
A665GRRXS,VHR Advanced Cut Glove Grey XS,1,6.80,PORTWEST,A665GRRXS,PORTWEST,A665GRRXS,74295,1,PORTWEST,VHR Advanced Cut Glove Grey XS,"Level E cut resistant glove with nitrile foam coating for excellent grip in wet and dry conditions. Palm dipped to increase dexterity and ventilation. Seamless 13 gauge liner. ANSI cut level A6.,,",https://images.catalyst-cloud.com/portwest/A665GRR.jpg,,Gloves,Cut Resistant Gloves,,A665
S592ORR,Hi-Vis Extreme Hood Orange,1,7.80,PORTWEST,S592ORR,PORTWEST,S592ORR,74173,1,PORTWEST,Hi-Vis Extreme Hood Orange,<li>A universally fitting full face storm hood which provides maximum protection in adverse weather conditions. The wrap round face guard and drawcord adjustment will keep the elements out. This hood attaches to all jackets within the Portwest PWR range.<,https://images.catalyst-cloud.com/portwest/S592ORR.jpg,,Industrial Workwear,Hi-Vis,Jackets,S592
S592YER,Hi-Vis Extreme Hood Yellow,1,7.80,PORTWEST,S592YER,PORTWEST,S592YER,74173,1,PORTWEST,Hi-Vis Extreme Hood Yellow,<li>A universally fitting full face storm hood which provides maximum protection in adverse weather conditions. The wrap round face guard and drawcord adjustment will keep the elements out. This hood attaches to all jackets within the Portwest PWR range.<,https://images.catalyst-cloud.com/portwest/S592YER.jpg,,Industrial Workwear,Hi-Vis,Jackets,S592
B121BKR4XL,Thermal Trouser Black 4XL,1,8.70,PORTWEST,B121BKR4XL,PORTWEST,B121BKR4XL,74203,1,PORTWEST,Thermal Trouser Black 4XL,The B121 creates a layer of warmth around the lower body. The soft poly-cotton fibres and fabric knitting mean that heat is trapped in. Cuffed hem and elasticated waist provide a comfortable fit.,https://images.catalyst-cloud.com/portwest/B121BKR.jpg,,Industrial Workwear,Thermals & Baselayers,Trousers,B121
B121BKRXS,Thermal Trouser Black XS,1,8.70,PORTWEST,B121BKRXS,PORTWEST,B121BKRXS,74203,1,PORTWEST,Thermal Trouser Black XS,The B121 creates a layer of warmth around the lower body. The soft poly-cotton fibres and fabric knitting mean that heat is trapped in. Cuffed hem and elasticated waist provide a comfortable fit.,https://images.catalyst-cloud.com/portwest/B121BKR.jpg,,Industrial Workwear,Thermals & Baselayers,Trousers,B121
PW309OBR4XL,PW3 Hi-Vis Executive Vest Orange/Black 4XL,1,14.90,PORTWEST,PW309OBR4XL,PORTWEST,PW309OBR4XL,74179,1,PORTWEST,PW3 Hi-Vis Executive Vest Orange/Black 4XL,"The PW3 executive vest has a stylish design and combines the premium features of our PW3 range, including HiVisTex Pro tape, with the practicality of pockets for those situations when a jacket may be too warm. A clear detachable ID pocket for security pas",https://images.catalyst-cloud.com/portwest/PW309OBR.jpg,,Industrial Workwear,Hi-Vis,Vests,PW309
PW309OBRL,PW3 Hi-Vis Executive Vest Orange/Black L,1,14.90,PORTWEST,PW309OBRL,PORTWEST,PW309OBRL,74179,1,PORTWEST,PW3 Hi-Vis Executive Vest Orange/Black L,"The PW3 executive vest has a stylish design and combines the premium features of our PW3 range, including HiVisTex Pro tape, with the practicality of pockets for those situations when a jacket may be too warm. A clear detachable ID pocket for security pas",https://images.catalyst-cloud.com/portwest/PW309OBR.jpg,,Industrial Workwear,Hi-Vis,Vests,PW309
PW309OBRM,PW3 Hi-Vis Executive Vest Orange/Black M,1,14.90,PORTWEST,PW309OBRM,PORTWEST,PW309OBRM,74179,1,PORTWEST,PW3 Hi-Vis Executive Vest Orange/Black M,"The PW3 executive vest has a stylish design and combines the premium features of our PW3 range, including HiVisTex Pro tape, with the practicality of pockets for those situations when a jacket may be too warm. A clear detachable ID pocket for security pas",https://images.catalyst-cloud.com/portwest/PW309OBR.jpg,,Industrial Workwear,Hi-Vis,Vests,PW309
PW309OBRS,PW3 Hi-Vis Executive Vest Orange/Black S,1,14.90,PORTWEST,PW309OBRS,PORTWEST,PW309OBRS,74179,1,PORTWEST,PW3 Hi-Vis Executive Vest Orange/Black S,"The PW3 executive vest has a stylish design and combines the premium features of our PW3 range, including HiVisTex Pro tape, with the practicality of pockets for those situations when a jacket may be too warm. A clear detachable ID pocket for security pas",https://images.catalyst-cloud.com/portwest/PW309OBR.jpg,,Industrial Workwear,Hi-Vis,Vests,PW309
PW309OBRXL,PW3 Hi-Vis Executive Vest Orange/Black XL,1,14.90,PORTWEST,PW309OBRXL,PORTWEST,PW309OBRXL,74179,1,PORTWEST,PW3 Hi-Vis Executive Vest Orange/Black XL,"The PW3 executive vest has a stylish design and combines the premium features of our PW3 range, including HiVisTex Pro tape, with the practicality of pockets for those situations when a jacket may be too warm. A clear detachable ID pocket for security pas",https://images.catalyst-cloud.com/portwest/PW309OBR.jpg,,Industrial Workwear,Hi-Vis,Vests,PW309
PW309OBRXXL,PW3 Hi-Vis Executive Vest Orange/Black XXL,1,14.90,PORTWEST,PW309OBRXXL,PORTWEST,PW309OBRXXL,74179,1,PORTWEST,PW3 Hi-Vis Executive Vest Orange/Black XXL,"The PW3 executive vest has a stylish design and combines the premium features of our PW3 range, including HiVisTex Pro tape, with the practicality of pockets for those situations when a jacket may be too warm. A clear detachable ID pocket for security pas",https://images.catalyst-cloud.com/portwest/PW309OBR.jpg,,Industrial Workwear,Hi-Vis,Vests,PW309
PW309OBRXXXL,PW3 Hi-Vis Executive Vest Orange/Black XXXL,1,14.90,PORTWEST,PW309OBRXXXL,PORTWEST,PW309OBRXXXL,74179,1,PORTWEST,PW3 Hi-Vis Executive Vest Orange/Black XXXL,"The PW3 executive vest has a stylish design and combines the premium features of our PW3 range, including HiVisTex Pro tape, with the practicality of pockets for those situations when a jacket may be too warm. A clear detachable ID pocket for security pas",https://images.catalyst-cloud.com/portwest/PW309OBR.jpg,,Industrial Workwear,Hi-Vis,Vests,PW309
B123BKR4XL,Thermal T-Shirt Long Sleeve Black 4XL,1,9.60,PORTWEST,B123BKR4XL,PORTWEST,B123BKR4XL,74203,1,PORTWEST,Thermal T-Shirt Long Sleeve Black 4XL,A long sleeve t-shirt cut that offers optimum warmth at all times. The material construction allows the skin to breathe if conditions become too warm. The round neck makes it ideal for wearing as an under-garment,https://images.catalyst-cloud.com/portwest/B123BKR.jpg,,Industrial Workwear,Thermals & Baselayers,Top,B123
B123BKRXS,Thermal T-Shirt Long Sleeve Black XS,1,9.60,PORTWEST,B123BKRXS,PORTWEST,B123BKRXS,74203,1,PORTWEST,Thermal T-Shirt Long Sleeve Black XS,A long sleeve t-shirt cut that offers optimum warmth at all times. The material construction allows the skin to breathe if conditions become too warm. The round neck makes it ideal for wearing as an under-garment,https://images.catalyst-cloud.com/portwest/B123BKR.jpg,,Industrial Workwear,Thermals & Baselayers,Top,B123
S440BKR5XL,Classic Rain Jacket Black 5XL,1,11.00,PORTWEST,S440BKR5XL,PORTWEST,S440BKR5XL,74172,1,PORTWEST,Classic Rain Jacket Black 5XL,"Designed to be worn in foul weather conditions, the Classic Rain Jacket is not only practical and durable, it offers exceptional value for money. Easily rolled up and stored for when the wet weather arrives. Available in a wide range of colours, wearer sa",https://images.catalyst-cloud.com/portwest/S440BKR.jpg,,Industrial Workwear,All Weather Protection,Rain Jackets,S440
S440NAR6XL,Classic Rain Jacket Navy 6XL,1,11.00,PORTWEST,S440NAR6XL,PORTWEST,S440NAR6XL,74172,1,PORTWEST,Classic Rain Jacket Navy 6XL,"Designed to be worn in foul weather conditions, the Classic Rain Jacket is not only practical and durable, it offers exceptional value for money. Easily rolled up and stored for when the wet weather arrives. Available in a wide range of colours, wearer sa",https://images.catalyst-cloud.com/portwest/S440NAR.jpg,,Industrial Workwear,All Weather Protection,Rain Jackets,S440
S440NAR7XL,Classic Rain Jacket Navy 7XL,1,11.00,PORTWEST,S440NAR7XL,PORTWEST,S440NAR7XL,74172,1,PORTWEST,Classic Rain Jacket Navy 7XL,"Designed to be worn in foul weather conditions, the Classic Rain Jacket is not only practical and durable, it offers exceptional value for money. Easily rolled up and stored for when the wet weather arrives. Available in a wide range of colours, wearer sa",https://images.catalyst-cloud.com/portwest/S440NAR.jpg,,Industrial Workwear,All Weather Protection,Rain Jackets,S440
S440OGR5XL,Classic Rain Jacket Olive Green 5XL,1,11.00,PORTWEST,S440OGR5XL,PORTWEST,S440OGR5XL,74172,1,PORTWEST,Classic Rain Jacket Olive Green 5XL,"Designed to be worn in foul weather conditions, the Classic Rain Jacket is not only practical and durable, it offers exceptional value for money. Easily rolled up and stored for when the wet weather arrives. Available in a wide range of colours, wearer sa",https://images.catalyst-cloud.com/portwest/S440OGR.jpg,,Industrial Workwear,All Weather Protection,Rain Jackets,S440
F441BKR4XL,Classic Iona Rain Trouser Black 4XL,1,12.20,PORTWEST,F441BKR4XL,PORTWEST,F441BKR4XL,74102,1,PORTWEST,Classic Iona Rain Trouser Black 4XL,"The Classic Iona Rain Trouser offers added visibility in dull conditions. Features include elasticated waist, side access pockets, and stud adjustable hem for a secure fit.",https://images.catalyst-cloud.com/portwest/F441BKR.jpg,,Industrial Workwear,Enhanced Visibility,Rain Trousers,F441
F441BKR5XL,Classic Iona Rain Trouser Black 5XL,1,12.20,PORTWEST,F441BKR5XL,PORTWEST,F441BKR5XL,74102,1,PORTWEST,Classic Iona Rain Trouser Black 5XL,"The Classic Iona Rain Trouser offers added visibility in dull conditions. Features include elasticated waist, side access pockets, and stud adjustable hem for a secure fit.",https://images.catalyst-cloud.com/portwest/F441BKR.jpg,,Industrial Workwear,Enhanced Visibility,Rain Trousers,F441
F441BKR6XL,Classic Iona Rain Trouser Black 6XL,1,12.20,PORTWEST,F441BKR6XL,PORTWEST,F441BKR6XL,74102,1,PORTWEST,Classic Iona Rain Trouser Black 6XL,"The Classic Iona Rain Trouser offers added visibility in dull conditions. Features include elasticated waist, side access pockets, and stud adjustable hem for a secure fit.",https://images.catalyst-cloud.com/portwest/F441BKR.jpg,,Industrial Workwear,Enhanced Visibility,Rain Trousers,F441
F441NAR4XL,Classic Iona Rain Trouser Navy 4XL,1,12.20,PORTWEST,F441NAR4XL,PORTWEST,F441NAR4XL,74102,1,PORTWEST,Classic Iona Rain Trouser Navy 4XL,"The Classic Iona Rain Trouser offers added visibility in dull conditions. Features include elasticated waist, side access pockets, and stud adjustable hem for a secure fit.",https://images.catalyst-cloud.com/portwest/F441NAR.jpg,,Industrial Workwear,Enhanced Visibility,Rain Trousers,F441
F441NAR5XL,Classic Iona Rain Trouser Navy 5XL,1,12.20,PORTWEST,F441NAR5XL,PORTWEST,F441NAR5XL,74102,1,PORTWEST,Classic Iona Rain Trouser Navy 5XL,"The Classic Iona Rain Trouser offers added visibility in dull conditions. Features include elasticated waist, side access pockets, and stud adjustable hem for a secure fit.",https://images.catalyst-cloud.com/portwest/F441NAR.jpg,,Industrial Workwear,Enhanced Visibility,Rain Trousers,F441
F441NAR6XL,Classic Iona Rain Trouser Navy 6XL,1,12.20,PORTWEST,F441NAR6XL,PORTWEST,F441NAR6XL,74102,1,PORTWEST,Classic Iona Rain Trouser Navy 6XL,"The Classic Iona Rain Trouser offers added visibility in dull conditions. Features include elasticated waist, side access pockets, and stud adjustable hem for a secure fit.",https://images.catalyst-cloud.com/portwest/F441NAR.jpg,,Industrial Workwear,Enhanced Visibility,Rain Trousers,F441
FR75ORR4X/5X,Hi-Vis FR Vest Orange 4X/5X,1,13.00,PORTWEST,FR75ORR4X/5X,PORTWEST,FR75ORR4X/5X,74179,1,PORTWEST,Hi-Vis FR Vest Orange 4X/5X,"The FR75 is a great addition to our Flame Retardant vest collection. Certified to EN ISO 20471 Class 2 and EN ISO 14116 Index 1, the vest must be worn over Index 2 or 3 garments to offer flame retardant protection.",https://images.catalyst-cloud.com/portwest/FR75ORR.jpg,,Industrial Workwear,Flame Retardant,Vests,FR75
T720DRRL,WX3 Polo Shirt  L,1,13.80,PORTWEST,T720DRRL,PORTWEST,T720DRRL,74144,1,PORTWEST,WX3 Polo Shirt  L,"Contemporary polo work shirt designed with an active fit using premium poly-cotton fabric that will keep you cool, dry and comfortable all day long. Key features include heat sealed reflective detail on the back and a handy loop embedded into the placket",https://images.catalyst-cloud.com/portwest/T720DRR.jpg,,Industrial Workwear,"T-shirts, Polos & Shirts",Polo Shirts,T720
T720DRRM,WX3 Polo Shirt  M,1,13.80,PORTWEST,T720DRRM,PORTWEST,T720DRRM,74144,1,PORTWEST,WX3 Polo Shirt  M,"Contemporary polo work shirt designed with an active fit using premium poly-cotton fabric that will keep you cool, dry and comfortable all day long. Key features include heat sealed reflective detail on the back and a handy loop embedded into the placket",https://images.catalyst-cloud.com/portwest/T720DRR.jpg,,Industrial Workwear,"T-shirts, Polos & Shirts",Polo Shirts,T720
T720DRRS,WX3 Polo Shirt  S,1,13.80,PORTWEST,T720DRRS,PORTWEST,T720DRRS,74144,1,PORTWEST,WX3 Polo Shirt  S,"Contemporary polo work shirt designed with an active fit using premium poly-cotton fabric that will keep you cool, dry and comfortable all day long. Key features include heat sealed reflective detail on the back and a handy loop embedded into the placket",https://images.catalyst-cloud.com/portwest/T720DRR.jpg,,Industrial Workwear,"T-shirts, Polos & Shirts",Polo Shirts,T720
T720DRRXL,WX3 Polo Shirt  XL,1,13.80,PORTWEST,T720DRRXL,PORTWEST,T720DRRXL,74144,1,PORTWEST,WX3 Polo Shirt  XL,"Contemporary polo work shirt designed with an active fit using premium poly-cotton fabric that will keep you cool, dry and comfortable all day long. Key features include heat sealed reflective detail on the back and a handy loop embedded into the placket",https://images.catalyst-cloud.com/portwest/T720DRR.jpg,,Industrial Workwear,"T-shirts, Polos & Shirts",Polo Shirts,T720
T720DRRXXL,WX3 Polo Shirt  XXL,1,13.80,PORTWEST,T720DRRXXL,PORTWEST,T720DRRXXL,74144,1,PORTWEST,WX3 Polo Shirt  XXL,"Contemporary polo work shirt designed with an active fit using premium poly-cotton fabric that will keep you cool, dry and comfortable all day long. Key features include heat sealed reflective detail on the back and a handy loop embedded into the placket",https://images.catalyst-cloud.com/portwest/T720DRR.jpg,,Industrial Workwear,"T-shirts, Polos & Shirts",Polo Shirts,T720
T720DRRXXXL,WX3 Polo Shirt  XXXL,1,13.80,PORTWEST,T720DRRXXXL,PORTWEST,T720DRRXXXL,74144,1,PORTWEST,WX3 Polo Shirt  XXXL,"Contemporary polo work shirt designed with an active fit using premium poly-cotton fabric that will keep you cool, dry and comfortable all day long. Key features include heat sealed reflective detail on the back and a handy loop embedded into the placket",https://images.catalyst-cloud.com/portwest/T720DRR.jpg,,Industrial Workwear,"T-shirts, Polos & Shirts",Polo Shirts,T720
C734WHRXXXL,Kent Chefs Jacket White XXXLR,1,15.60,PORTWEST,C734WHRXXXL,PORTWEST,C734WHRXXXL,74175,1,PORTWEST,Kent Chefs Jacket White XXXLR,<li>Designed for hot environments this short sleeve jacket will keep you feeling cool and looking good. The classic styling offers a range of high quality features including easy care fabric and a handy sleeve pocket.</li><li>Sleeve pocket</li><li>1 pocke,https://images.catalyst-cloud.com/portwest/C734WHR.jpg,,Hospitality & Catering,Chefswear,Chef's Jackets,C734
A774MBRL,DX4 LR Cut Glove Metro Blue Large,1,15.90,PORTWEST,A774MBRL,PORTWEST,A774MBRL,74296,1,PORTWEST,DX4 LR Cut Glove Metro Blue Large Large R,<li>This high-performing glove is multi-purpose and suitable for any job. Level B cut resistance provides protection against sharp objects. Highly durable synthetic leather palm. Reflective tape enhances wearer visibility in low light conditions. Reinforc,https://images.catalyst-cloud.com/portwest/A774MBR.jpg,,Gloves,Mechanic Gloves,,A774
A774MBRM,DX4 LR Cut Glove Metro Blue Medium,1,15.90,PORTWEST,A774MBRM,PORTWEST,A774MBRM,74296,1,PORTWEST,DX4 LR Cut Glove Metro Blue Medium Medium R,<li>This high-performing glove is multi-purpose and suitable for any job. Level B cut resistance provides protection against sharp objects. Highly durable synthetic leather palm. Reflective tape enhances wearer visibility in low light conditions. Reinforc,https://images.catalyst-cloud.com/portwest/A774MBR.jpg,,Gloves,Mechanic Gloves,,A774
A774MBRS,DX4 LR Cut Glove Metro Blue Small,1,15.90,PORTWEST,A774MBRS,PORTWEST,A774MBRS,74296,1,PORTWEST,DX4 LR Cut Glove Metro Blue Small Small R,<li>This high-performing glove is multi-purpose and suitable for any job. Level B cut resistance provides protection against sharp objects. Highly durable synthetic leather palm. Reflective tape enhances wearer visibility in low light conditions. Reinforc,https://images.catalyst-cloud.com/portwest/A774MBR.jpg,,Gloves,Mechanic Gloves,,A774
A774MBRXL,DX4 LR Cut Glove Metro Blue XL,1,15.90,PORTWEST,A774MBRXL,PORTWEST,A774MBRXL,74296,1,PORTWEST,DX4 LR Cut Glove Metro Blue XL XL R,<li>This high-performing glove is multi-purpose and suitable for any job. Level B cut resistance provides protection against sharp objects. Highly durable synthetic leather palm. Reflective tape enhances wearer visibility in low light conditions. Reinforc,https://images.catalyst-cloud.com/portwest/A774MBR.jpg,,Gloves,Mechanic Gloves,,A774
A774MBRXXL,DX4 LR Cut Glove Metro Blue XXL,1,15.90,PORTWEST,A774MBRXXL,PORTWEST,A774MBRXXL,74296,1,PORTWEST,DX4 LR Cut Glove Metro Blue XXL XXL R,<li>This high-performing glove is multi-purpose and suitable for any job. Level B cut resistance provides protection against sharp objects. Highly durable synthetic leather palm. Reflective tape enhances wearer visibility in low light conditions. Reinforc,https://images.catalyst-cloud.com/portwest/A774MBR.jpg,,Gloves,Mechanic Gloves,,A774
C701BKR33,Combat Trouser Black 33,1,15.90,PORTWEST,C701BKR33,PORTWEST,C701BKR33,74102,1,PORTWEST,Combat Trouser Black 33,"This garment portrays all the original styling of the modern-day work trouser. Constructed from our rugged, pre-shrunk Kingsmill fabric, the Combat Trouser is built to take on the toughest of jobs. Multiple utility pockets are featured with Hook and Loop",https://images.catalyst-cloud.com/portwest/C701BKR.jpg,,Industrial Workwear,Trousers,Work Trousers,C701
C701BKR41,Combat Trouser Black 41,1,15.90,PORTWEST,C701BKR41,PORTWEST,C701BKR41,74102,1,PORTWEST,Combat Trouser Black 41,"This garment portrays all the original styling of the modern-day work trouser. Constructed from our rugged, pre-shrunk Kingsmill fabric, the Combat Trouser is built to take on the toughest of jobs. Multiple utility pockets are featured with Hook and Loop",https://images.catalyst-cloud.com/portwest/C701BKR.jpg,,Industrial Workwear,Trousers,Work Trousers,C701
C701GRR33,Combat Trouser Grey 33,1,15.90,PORTWEST,C701GRR33,PORTWEST,C701GRR33,74102,1,PORTWEST,Combat Trouser Grey 33,"This garment portrays all the original styling of the modern-day work trouser. Constructed from our rugged, pre-shrunk Kingsmill fabric, the Combat Trouser is built to take on the toughest of jobs. Multiple utility pockets are featured with Hook and Loop",https://images.catalyst-cloud.com/portwest/C701GRR.jpg,,Industrial Workwear,Trousers,Work Trousers,C701
C701GRR41,Combat Trouser Grey 41,1,15.90,PORTWEST,C701GRR41,PORTWEST,C701GRR41,74102,1,PORTWEST,Combat Trouser Grey 41,"This garment portrays all the original styling of the modern-day work trouser. Constructed from our rugged, pre-shrunk Kingsmill fabric, the Combat Trouser is built to take on the toughest of jobs. Multiple utility pockets are featured with Hook and Loop",https://images.catalyst-cloud.com/portwest/C701GRR.jpg,,Industrial Workwear,Trousers,Work Trousers,C701
C701NAR33,Combat Trouser Navy 33,1,15.90,PORTWEST,C701NAR33,PORTWEST,C701NAR33,74102,1,PORTWEST,Combat Trouser Navy 33,"This garment portrays all the original styling of the modern-day work trouser. Constructed from our rugged, pre-shrunk Kingsmill fabric, the Combat Trouser is built to take on the toughest of jobs. Multiple utility pockets are featured with Hook and Loop",https://images.catalyst-cloud.com/portwest/C701NAR.jpg,,Industrial Workwear,Trousers,Work Trousers,C701
C701NAR41,Combat Trouser Navy 41,1,15.90,PORTWEST,C701NAR41,PORTWEST,C701NAR41,74102,1,PORTWEST,Combat Trouser Navy 41,"This garment portrays all the original styling of the modern-day work trouser. Constructed from our rugged, pre-shrunk Kingsmill fabric, the Combat Trouser is built to take on the toughest of jobs. Multiple utility pockets are featured with Hook and Loop",https://images.catalyst-cloud.com/portwest/C701NAR.jpg,,Industrial Workwear,Trousers,Work Trousers,C701
S438BKR4XL,Classic Rain Coat Black 4XL,1,15.90,PORTWEST,S438BKR4XL,PORTWEST,S438BKR4XL,74172,1,PORTWEST,Classic Rain Coat Black 4XL,"The Classic Rain Coat offers outstanding waterproof protection. Its longer length gives added coverage for the wearer. Features include generous pockets, a packaway hood with eyelets and a back vent for ventilation.",https://images.catalyst-cloud.com/portwest/S438BKR.jpg,,Industrial Workwear,All Weather Protection,Coats,S438
2852BKRXS,Lab Coat Black XS,1,16.60,PORTWEST,2852BKRXS,PORTWEST,2852BKRXS,74170,1,PORTWEST,Lab Coat Black XS,"This versatile coat features a concealed stud front, two lower patch pockets and a single chest pocket.",https://images.catalyst-cloud.com/portwest/2852BKR.jpg,,Hospitality & Catering,Food Trade,Coats,2852
S107BLU155,"Oxford Shirt, Long Sleeves Blue 155",1,16.60,PORTWEST,S107BLU155,PORTWEST,S107BLU155,74146,1,PORTWEST,"Oxford Shirt, Long Sleeves Blue 155",,https://images.catalyst-cloud.com/portwest/S107BLU.jpg,,Leisurewear,"T-shirts, Polos & Shirts",Shirts,S107
AS20NARL,Antistatic ESD T-Shirt Navy LR,1,16.80,PORTWEST,AS20NARL,PORTWEST,AS20NARL,74144,1,PORTWEST,Antistatic ESD T-Shirt Navy LR,<li>This protective t-shirt is light and comfortable. Ideal for environments where electrostatic resistance is required.</li><li>CE certified</li><li>ESD</li><li>Lightweight</li><li>Designed with a comfort fit</li>,https://images.catalyst-cloud.com/portwest/AS20NAR.jpg,,Industrial Workwear,Workwear,T-Shirts,AS20
AS20NARM,Antistatic ESD T-Shirt Navy MR,1,16.80,PORTWEST,AS20NARM,PORTWEST,AS20NARM,74144,1,PORTWEST,Antistatic ESD T-Shirt Navy MR,<li>This protective t-shirt is light and comfortable. Ideal for environments where electrostatic resistance is required.</li><li>CE certified</li><li>ESD</li><li>Lightweight</li><li>Designed with a comfort fit</li>,https://images.catalyst-cloud.com/portwest/AS20NAR.jpg,,Industrial Workwear,Workwear,T-Shirts,AS20
AS20NARS,Antistatic ESD T-Shirt Navy SR,1,16.80,PORTWEST,AS20NARS,PORTWEST,AS20NARS,74144,1,PORTWEST,Antistatic ESD T-Shirt Navy SR,<li>This protective t-shirt is light and comfortable. Ideal for environments where electrostatic resistance is required.</li><li>CE certified</li><li>ESD</li><li>Lightweight</li><li>Designed with a comfort fit</li>,https://images.catalyst-cloud.com/portwest/AS20NAR.jpg,,Industrial Workwear,Workwear,T-Shirts,AS20
AS20NARXL,Antistatic ESD T-Shirt Navy XLR,1,16.80,PORTWEST,AS20NARXL,PORTWEST,AS20NARXL,74144,1,PORTWEST,Antistatic ESD T-Shirt Navy XLR,<li>This protective t-shirt is light and comfortable. Ideal for environments where electrostatic resistance is required.</li><li>CE certified</li><li>ESD</li><li>Lightweight</li><li>Designed with a comfort fit</li>,https://images.catalyst-cloud.com/portwest/AS20NAR.jpg,,Industrial Workwear,Workwear,T-Shirts,AS20
AS20NARXXL,Antistatic ESD T-Shirt Navy XXLR,1,16.80,PORTWEST,AS20NARXXL,PORTWEST,AS20NARXXL,74144,1,PORTWEST,Antistatic ESD T-Shirt Navy XXLR,<li>This protective t-shirt is light and comfortable. Ideal for environments where electrostatic resistance is required.</li><li>CE certified</li><li>ESD</li><li>Lightweight</li><li>Designed with a comfort fit</li>,https://images.catalyst-cloud.com/portwest/AS20NAR.jpg,,Industrial Workwear,Workwear,T-Shirts,AS20
C734BKR4XL,Kent Chefs Jacket Black 4XLR,1,17.40,PORTWEST,C734BKR4XL,PORTWEST,C734BKR4XL,74175,1,PORTWEST,Kent Chefs Jacket Black 4XLR,<li>Designed for hot environments this short sleeve jacket will keep you feeling cool and looking good. The classic styling offers a range of high quality features including easy care fabric and a handy sleeve pocket.</li><li>Sleeve pocket</li><li>1 pocke,https://images.catalyst-cloud.com/portwest/C734BKR.jpg,,Hospitality & Catering,Chefswear,Chef's Jackets,C734
C734BKRXXXL,Kent Chefs Jacket Black XXXLR,1,17.40,PORTWEST,C734BKRXXXL,PORTWEST,C734BKRXXXL,74175,1,PORTWEST,Kent Chefs Jacket Black XXXLR,<li>Designed for hot environments this short sleeve jacket will keep you feeling cool and looking good. The classic styling offers a range of high quality features including easy care fabric and a handy sleeve pocket.</li><li>Sleeve pocket</li><li>1 pocke,https://images.catalyst-cloud.com/portwest/C734BKR.jpg,,Hospitality & Catering,Chefswear,Chef's Jackets,C734
PB55ORR,Endurance Badge Holder Helmet Orange,1,17.40,PORTWEST,PB55ORR,PORTWEST,PB55ORR,74243,1,PORTWEST,Endurance Badge Holder Helmet Orange,<li>The Endurance Badge Holder Helmet is modelled on our best-selling PS55 Endurance Helmet. Innovative additional features include a badge holder which is ultra-sound welded onto the ABS helmet shell. Made from flame resistant polycarbonate the badge hol,https://images.catalyst-cloud.com/portwest/PB55ORR.jpg,,PPE,Head Protection,Safety Helmet,PB55
PB55RBR,Endurance Badge Holder Helmet Royal Blue,1,17.40,PORTWEST,PB55RBR,PORTWEST,PB55RBR,74243,1,PORTWEST,Endurance Badge Holder Helmet Royal Blue,<li>The Endurance Badge Holder Helmet is modelled on our best-selling PS55 Endurance Helmet. Innovative additional features include a badge holder which is ultra-sound welded onto the ABS helmet shell. Made from flame resistant polycarbonate the badge hol,https://images.catalyst-cloud.com/portwest/PB55RBR.jpg,,PPE,Head Protection,Safety Helmet,PB55
PB55RER,Endurance Badge Holder Helmet Red,1,17.40,PORTWEST,PB55RER,PORTWEST,PB55RER,74243,1,PORTWEST,Endurance Badge Holder Helmet Red,<li>The Endurance Badge Holder Helmet is modelled on our best-selling PS55 Endurance Helmet. Innovative additional features include a badge holder which is ultra-sound welded onto the ABS helmet shell. Made from flame resistant polycarbonate the badge hol,https://images.catalyst-cloud.com/portwest/PB55RER.jpg,,PPE,Head Protection,Safety Helmet,PB55
PB55YER,Endurance Badge Holder Helmet Yellow,1,17.40,PORTWEST,PB55YER,PORTWEST,PB55YER,74243,1,PORTWEST,Endurance Badge Holder Helmet Yellow,<li>The Endurance Badge Holder Helmet is modelled on our best-selling PS55 Endurance Helmet. Innovative additional features include a badge holder which is ultra-sound welded onto the ABS helmet shell. Made from flame resistant polycarbonate the badge hol,https://images.catalyst-cloud.com/portwest/PB55YER.jpg,,PPE,Head Protection,Safety Helmet,PB55
S251YERXXL,Sealtex Ocean Trouser Yellow XXL,1,17.50,PORTWEST,S251YERXXL,PORTWEST,S251YERXXL,74103,1,PORTWEST,Sealtex Ocean Trouser Yellow XXL,"This classic style trouser uses high performing Sealtex Ocean fabric and provides the wearer with complete foul weather protection. The garment has a fully elasticated waist so it can be fitted easily over trousers, stud adjustable hems and high frequency",https://images.catalyst-cloud.com/portwest/S251YER.jpg,,Industrial Workwear,All Weather Protection,Rain Trousers,S251
TX14RBRS,Portwest Texo Contrast Shorts Royal Bl S,1,17.50,PORTWEST,TX14RBRS,PORTWEST,TX14RBRS,74107,1,PORTWEST,Portwest Texo Contrast Shorts Royal Bl S,The TX14 shorts combine function and style. Waist elastication provides comfort and ease of movement.,https://images.catalyst-cloud.com/portwest/TX14RBR.jpg,,Industrial Workwear,Shorts,Shorts,TX14
F440BKR4XL,Classic Iona Rain Jacket Black 4XL,1,17.80,PORTWEST,F440BKR4XL,PORTWEST,F440BKR4XL,74172,1,PORTWEST,Classic Iona Rain Jacket Black 4XL,"Lightweight and practical the  Classic Iona Rain Jacket offers waterproof protection and increased visibility. Features include pack-away hood, adjustable drawcord hem, large storage pockets and vented back yoke and eyelets for ventilation.",https://images.catalyst-cloud.com/portwest/F440BKR.jpg,,Industrial Workwear,Enhanced Visibility,Rain Jackets,F440
F440BKR5XL,Classic Iona Rain Jacket Black 5XL,1,17.80,PORTWEST,F440BKR5XL,PORTWEST,F440BKR5XL,74172,1,PORTWEST,Classic Iona Rain Jacket Black 5XL,"Lightweight and practical the  Classic Iona Rain Jacket offers waterproof protection and increased visibility. Features include pack-away hood, adjustable drawcord hem, large storage pockets and vented back yoke and eyelets for ventilation.",https://images.catalyst-cloud.com/portwest/F440BKR.jpg,,Industrial Workwear,Enhanced Visibility,Rain Jackets,F440
F440BKR6XL,Classic Iona Rain Jacket Black 6XL,1,17.80,PORTWEST,F440BKR6XL,PORTWEST,F440BKR6XL,74172,1,PORTWEST,Classic Iona Rain Jacket Black 6XL,"Lightweight and practical the  Classic Iona Rain Jacket offers waterproof protection and increased visibility. Features include pack-away hood, adjustable drawcord hem, large storage pockets and vented back yoke and eyelets for ventilation.",https://images.catalyst-cloud.com/portwest/F440BKR.jpg,,Industrial Workwear,Enhanced Visibility,Rain Jackets,F440
F440NAR4XL,Classic Iona Rain Jacket Navy 4XL,1,17.80,PORTWEST,F440NAR4XL,PORTWEST,F440NAR4XL,74172,1,PORTWEST,Classic Iona Rain Jacket Navy 4XL,"Lightweight and practical the  Classic Iona Rain Jacket offers waterproof protection and increased visibility. Features include pack-away hood, adjustable drawcord hem, large storage pockets and vented back yoke and eyelets for ventilation.",https://images.catalyst-cloud.com/portwest/F440NAR.jpg,,Industrial Workwear,Enhanced Visibility,Rain Jackets,F440
F440NAR5XL,Classic Iona Rain Jacket Navy 5XL,1,17.80,PORTWEST,F440NAR5XL,PORTWEST,F440NAR5XL,74172,1,PORTWEST,Classic Iona Rain Jacket Navy 5XL,"Lightweight and practical the  Classic Iona Rain Jacket offers waterproof protection and increased visibility. Features include pack-away hood, adjustable drawcord hem, large storage pockets and vented back yoke and eyelets for ventilation.",https://images.catalyst-cloud.com/portwest/F440NAR.jpg,,Industrial Workwear,Enhanced Visibility,Rain Jackets,F440
F440NAR6XL,Classic Iona Rain Jacket Navy 6XL,1,17.80,PORTWEST,F440NAR6XL,PORTWEST,F440NAR6XL,74172,1,PORTWEST,Classic Iona Rain Jacket Navy 6XL,"Lightweight and practical the  Classic Iona Rain Jacket offers waterproof protection and increased visibility. Features include pack-away hood, adjustable drawcord hem, large storage pockets and vented back yoke and eyelets for ventilation.",https://images.catalyst-cloud.com/portwest/F440NAR.jpg,,Industrial Workwear,Enhanced Visibility,Rain Jackets,F440
LW72ORRXL,Women's Pro Polo Shirt Orange XL,1,19.00,PORTWEST,LW72ORRXL,PORTWEST,LW72ORRXL,74146,1,PORTWEST,Women's Pro Polo Shirt Orange XL XL R,"<li>This contemporary women's polo shirt, combines breathable Cotton Comfort fabric with HiVisTex Pro tape. This garment offers outstanding freedom of movement while holding a feminine fit.</li><li>Moisture wicking fabric helping to keep the body cool and",https://images.catalyst-cloud.com/portwest/LW72ORR.jpg,,Industrial Workwear,Hi-Vis,Polo Shirts,LW72
C821WARL,Mens Medical Tunic White Aqua Large,1,19.90,PORTWEST,C821WARL,PORTWEST,C821WARL,74187,1,PORTWEST,Mens Medical Tunic White Aqua Large Large R,"<li>This men's tunic is made from our Kingsmill stretch fabric. It has a fresh design with concealed stud front, action back plus space on the chest for company logos.</li><li>2-way twill stretch fabric for ease of movement and added comfort</li><li> Conc",https://images.catalyst-cloud.com/portwest/C821WAR.jpg,,Healthcare,Scrubs,Tunics,C821
C821WARM,Mens Medical Tunic White Aqua Medium,1,19.90,PORTWEST,C821WARM,PORTWEST,C821WARM,74187,1,PORTWEST,Mens Medical Tunic White Aqua Medium Medium R,"<li>This men's tunic is made from our Kingsmill stretch fabric. It has a fresh design with concealed stud front, action back plus space on the chest for company logos.</li><li>2-way twill stretch fabric for ease of movement and added comfort</li><li> Conc",https://images.catalyst-cloud.com/portwest/C821WAR.jpg,,Healthcare,Scrubs,Tunics,C821
C821WARS,Mens Medical Tunic White Aqua Small,1,19.90,PORTWEST,C821WARS,PORTWEST,C821WARS,74187,1,PORTWEST,Mens Medical Tunic White Aqua Small Small R,"<li>This men's tunic is made from our Kingsmill stretch fabric. It has a fresh design with concealed stud front, action back plus space on the chest for company logos.</li><li>2-way twill stretch fabric for ease of movement and added comfort</li><li> Conc",https://images.catalyst-cloud.com/portwest/C821WAR.jpg,,Healthcare,Scrubs,Tunics,C821
C821WARXL,Mens Medical Tunic White Aqua XL,1,19.90,PORTWEST,C821WARXL,PORTWEST,C821WARXL,74187,1,PORTWEST,Mens Medical Tunic White Aqua XL XL R,"<li>This men's tunic is made from our Kingsmill stretch fabric. It has a fresh design with concealed stud front, action back plus space on the chest for company logos.</li><li>2-way twill stretch fabric for ease of movement and added comfort</li><li> Conc",https://images.catalyst-cloud.com/portwest/C821WAR.jpg,,Healthcare,Scrubs,Tunics,C821
C821WARXXL,Mens Medical Tunic White Aqua XXL,1,19.90,PORTWEST,C821WARXXL,PORTWEST,C821WARXXL,74187,1,PORTWEST,Mens Medical Tunic White Aqua XXL XXL R,"<li>This men's tunic is made from our Kingsmill stretch fabric. It has a fresh design with concealed stud front, action back plus space on the chest for company logos.</li><li>2-way twill stretch fabric for ease of movement and added comfort</li><li> Conc",https://images.catalyst-cloud.com/portwest/C821WAR.jpg,,Healthcare,Scrubs,Tunics,C821
C821WARXXXL,Mens Medical Tunic White Aqua 3XL,1,19.90,PORTWEST,C821WARXXXL,PORTWEST,C821WARXXXL,74187,1,PORTWEST,Mens Medical Tunic White Aqua 3XL 3XL R,"<li>This men's tunic is made from our Kingsmill stretch fabric. It has a fresh design with concealed stud front, action back plus space on the chest for company logos.</li><li>2-way twill stretch fabric for ease of movement and added comfort</li><li> Conc",https://images.catalyst-cloud.com/portwest/C821WAR.jpg,,Healthcare,Scrubs,Tunics,C821
C821WHRL,Mens Medical Tunic White Large,1,19.90,PORTWEST,C821WHRL,PORTWEST,C821WHRL,74187,1,PORTWEST,Mens Medical Tunic White Large Large R,"<li>This men's tunic is made from our Kingsmill stretch fabric. It has a fresh design with concealed stud front, action back plus space on the chest for company logos.</li><li>2-way twill stretch fabric for ease of movement and added comfort</li><li> Conc",https://images.catalyst-cloud.com/portwest/C821WHR.jpg,,Healthcare,Scrubs,Tunics,C821
C821WHRM,Mens Medical Tunic White Medium,1,19.90,PORTWEST,C821WHRM,PORTWEST,C821WHRM,74187,1,PORTWEST,Mens Medical Tunic White Medium Medium R,"<li>This men's tunic is made from our Kingsmill stretch fabric. It has a fresh design with concealed stud front, action back plus space on the chest for company logos.</li><li>2-way twill stretch fabric for ease of movement and added comfort</li><li> Conc",https://images.catalyst-cloud.com/portwest/C821WHR.jpg,,Healthcare,Scrubs,Tunics,C821
C821WHRS,Mens Medical Tunic White Small,1,19.90,PORTWEST,C821WHRS,PORTWEST,C821WHRS,74187,1,PORTWEST,Mens Medical Tunic White Small Small R,"<li>This men's tunic is made from our Kingsmill stretch fabric. It has a fresh design with concealed stud front, action back plus space on the chest for company logos.</li><li>2-way twill stretch fabric for ease of movement and added comfort</li><li> Conc",https://images.catalyst-cloud.com/portwest/C821WHR.jpg,,Healthcare,Scrubs,Tunics,C821
C821WHRXL,Mens Medical Tunic White XL,1,19.90,PORTWEST,C821WHRXL,PORTWEST,C821WHRXL,74187,1,PORTWEST,Mens Medical Tunic White XL XL R,"<li>This men's tunic is made from our Kingsmill stretch fabric. It has a fresh design with concealed stud front, action back plus space on the chest for company logos.</li><li>2-way twill stretch fabric for ease of movement and added comfort</li><li> Conc",https://images.catalyst-cloud.com/portwest/C821WHR.jpg,,Healthcare,Scrubs,Tunics,C821
C821WHRXXL,Mens Medical Tunic White XXL,1,19.90,PORTWEST,C821WHRXXL,PORTWEST,C821WHRXXL,74187,1,PORTWEST,Mens Medical Tunic White XXL XXL R,"<li>This men's tunic is made from our Kingsmill stretch fabric. It has a fresh design with concealed stud front, action back plus space on the chest for company logos.</li><li>2-way twill stretch fabric for ease of movement and added comfort</li><li> Conc",https://images.catalyst-cloud.com/portwest/C821WHR.jpg,,Healthcare,Scrubs,Tunics,C821
C821WHRXXXL,Mens Medical Tunic White 3XL,1,19.90,PORTWEST,C821WHRXXXL,PORTWEST,C821WHRXXXL,74187,1,PORTWEST,Mens Medical Tunic White 3XL 3XL R,"<li>This men's tunic is made from our Kingsmill stretch fabric. It has a fresh design with concealed stud front, action back plus space on the chest for company logos.</li><li>2-way twill stretch fabric for ease of movement and added comfort</li><li> Conc",https://images.catalyst-cloud.com/portwest/C821WHR.jpg,,Healthcare,Scrubs,Tunics,C821
S999BGRXXXL,Euro Work Coverall Bottle Green XXXL,1,20.40,PORTWEST,S999BGRXXXL,PORTWEST,S999BGRXXXL,74131,1,PORTWEST,Euro Work Coverall Bottle Green XXXL,"Winning features of this durable coverall include, two chest pockets, one rule pocket and a concealed stud front. Perfect for all your working requirements.",https://images.catalyst-cloud.com/portwest/S999BGR.jpg,,Industrial Workwear,Workwear,Coveralls,S999
S999NAT4XL,Euro Work Coverall Navy Tall 4XL,1,20.40,PORTWEST,S999NAT4XL,PORTWEST,S999NAT4XL,74131,1,PORTWEST,Euro Work Coverall Navy Tall 4XL,"Winning features of this durable coverall include, two chest pockets, one rule pocket and a concealed stud front. Perfect for all your working requirements.",https://images.catalyst-cloud.com/portwest/S999NAT.jpg,,Industrial Workwear,Workwear,Coveralls,S999
S999RBR4XL,Euro Work Coverall Royal Blue 4XL,1,20.40,PORTWEST,S999RBR4XL,PORTWEST,S999RBR4XL,74131,1,PORTWEST,Euro Work Coverall Royal Blue 4XL,"Winning features of this durable coverall include, two chest pockets, one rule pocket and a concealed stud front. Perfect for all your working requirements.",https://images.catalyst-cloud.com/portwest/S999RBR.jpg,,Industrial Workwear,Workwear,Coveralls,S999
S999RER4XL,Euro Work Coverall Red 4XL,1,20.40,PORTWEST,S999RER4XL,PORTWEST,S999RER4XL,74131,1,PORTWEST,Euro Work Coverall Red 4XL,"Winning features of this durable coverall include, two chest pockets, one rule pocket and a concealed stud front. Perfect for all your working requirements.",https://images.catalyst-cloud.com/portwest/S999RER.jpg,,Industrial Workwear,Workwear,Coveralls,S999
S999RERXXXL,Euro Work Coverall Red XXXL,1,20.40,PORTWEST,S999RERXXXL,PORTWEST,S999RERXXXL,74131,1,PORTWEST,Euro Work Coverall Red XXXL,"Winning features of this durable coverall include, two chest pockets, one rule pocket and a concealed stud front. Perfect for all your working requirements.",https://images.catalyst-cloud.com/portwest/S999RER.jpg,,Industrial Workwear,Workwear,Coveralls,S999
